415,icons09_14
416,logolib01_01
417,logolib01_02
418,logolib01_03
419,logolib01_04
420,logolib01_05
421,logolib01_06
422,logolib01_07
423,logolib01_08
424,logolib01_09
425,logolib01_10
426,logolib01_11
427,logolib01_12
428,logolib01_13
429,logolib01_14
430,logolib01_15
431,logolib01_16
432,logolib02_01
433,logolib02_02
434,logolib02_03
435,logolib02_04
436,logolib02_05
437,logolib02_06
438,logolib02_07
439,logolib02_08
440,logolib02_09
441,logolib02_10
442,logolib02_11
443,logolib02_12
444,logolib02_13
445,logolib02_14
446,logolib02_15
447,logolib02_16
448,logolib03_01
449,logolib03_02
450,logolib03_03
451,logolib03_04
452,logolib03_05
453,logolib03_06
454,logolib03_07
455,logolib03_08
456,logolib03_09
457,logolib03_10
458,logolib03_11
459,logolib03_12
460,logolib03_13
461,logolib03_14
462,logolib03_15
463,logolib03_16
464,logolib04_01
465,logolib04_02
466,logolib04_03
467,logolib04_04
468,logolib04_05
469,logolib04_06
470,logolib04_07
471,logolib04_08
472,logolib04_09
473,logolib04_10
474,logolib04_11
475,logolib04_12
476,logolib04_13
477,logolib04_14
478,logolib04_15
479,logolib04_16
480,logolib05_01
481,logolib05_02
482,logolib05_03
483,logolib05_04
484,logolib05_05
485,logolib05_06
486,logolib05_07
487,logolib05_08
488,logolib05_09
489,logolib05_10
490,logolib05_11
491,logolib05_12
492,logolib05_13
493,logolib05_14
494,logolib05_15
495,logolib05_16
496,logolib06_01
497,logolib06_02
498,logolib06_03
499,logolib06_04
500,logolib06_05
501,logolib06_06
502,logolib06_07
503,logolib06_08
504,logolib06_09
505,logolib06_10
506,logolib06_11
507,logolib06_12
508,logolib06_13
509,logolib06_14
510,logolib06_15
511,logolib06_16
512,icons09_14
513,icons09_15
514,icons09_16
515,logolib07_01
516,logolib07_02
517,logolib07_03
518,logolib07_04
519,logolib07_05
520,logolib07_06
521,logolib07_07
522,logolib07_08
523,logolib07_09
524,logolib07_10
525,logolib07_11
526,logolib07_12
527,logolib07_13
528,logolib07_14
529,logolib07_15
530,logolib07_16
531,logolib08_01
532,logolib08_02
533,logolib08_03
534,logolib08_04
535,logolib08_05
536,logolib08_06
537,logolib08_07
538,logolib08_08
539,logolib08_09
540,logolib08_10
541,logolib08_11
542,logolib08_12
543,logolib08_13
544,logolib08_14
545,logolib08_15
546,logolib08_16
547,logolib09_01
548,logolib09_02
549,logolib09_03
550,logolib09_04
551,logolib09_05
552,logolib09_06
553,logolib09_07
554,logolib09_08
555,logolib09_09
556,logolib09_10
557,logolib09_11
558,logolib09_12
559,logolib09_13
560,logolib09_14
561,logolib09_15
562,logolib09_16
563,logolib10_01
564,logolib10_02
565,logolib10_03
566,logolib10_04
567,logolib10_05
568,logolib10_06
569,logolib10_07
570,logolib10_08
571,logolib10_09
572,logolib10_10
573,logolib10_11
574,logolib10_12
575,logolib10_13
576,logolib10_14
577,logolib10_15
578,logolib10_16
